{"cameraMode":{"drawMode":0,"name":"Shaded","section":"Shading Mode"},"sceneLighting":false,"audioPlay":false,"sceneViewState":{"m_AlwaysRefresh":false,"showFog":true,"showSkybox":false,"showFlares":true,"showImageEffects":true,"showParticleSystems":true,"showVisualEffectGraphs":true,"m_FxEnabled":true},"in2DMode":false,"pivot":{"x":0.2278432697057724,"y":1.305324673652649,"z":1.5453896522521973},"rotation":{"x":-0.054658323526382449,"y":-0.7077377438545227,"z":-0.05510103330016136,"w":0.7022093534469605},"size":1.4751791954040528,"orthographic":false}