{"cameraMode":{"drawMode":0,"name":"Shaded","section":"Shading Mode"},"sceneLighting":false,"audioPlay":false,"sceneViewState":{"m_AlwaysRefresh":false,"showFog":true,"showSkybox":false,"showFlares":true,"showImageEffects":true,"showParticleSystems":true,"showVisualEffectGraphs":true,"m_FxEnabled":true},"in2DMode":false,"pivot":{"x":0.5521073341369629,"y":1.1759682893753052,"z":5.942507743835449},"rotation":{"x":-0.025527941063046457,"y":-0.694117546081543,"z":-0.024089723825454713,"w":0.719105064868927},"size":1.4750510454177857,"orthographic":false}