{"cameraMode":{"drawMode":0,"name":"Shaded","section":"Shading Mode"},"sceneLighting":false,"audioPlay":false,"sceneViewState":{"m_AlwaysRefresh":false,"showFog":true,"showSkybox":false,"showFlares":true,"showImageEffects":true,"showParticleSystems":true,"showVisualEffectGraphs":true,"m_FxEnabled":true},"in2DMode":false,"pivot":{"x":1.1051572561264039,"y":-0.18996988236904145,"z":0.5118560791015625},"rotation":{"x":-0.06651928275823593,"y":0.7286408543586731,"z":-0.07149729877710343,"w":-0.6779547929763794},"size":1.4750508069992066,"orthographic":false}