{"cameraMode":{"drawMode":0,"name":"Shaded","section":"Shading Mode"},"sceneLighting":false,"audioPlay":false,"sceneViewState":{"m_AlwaysRefresh":false,"showFog":true,"showSkybox":false,"showFlares":true,"showImageEffects":true,"showParticleSystems":true,"showVisualEffectGraphs":true,"m_FxEnabled":true},"in2DMode":false,"pivot":{"x":0.7703365683555603,"y":1.1829479932785035,"z":5.7667927742004398},"rotation":{"x":-0.014822172001004219,"y":-0.6900721788406372,"z":-0.013585401698946953,"w":0.7235607504844666},"size":1.4750510454177857,"orthographic":false}